title,rating,price
"Digital Camera, 4K Ultra HD 56MP Digital Camera with 20X Zoom, Autofocus & Anti-Shake, Video Camera for Adults & Teens, Includes 32GB SD Card – Perfect for Beginners (Silver)",3.6 out of 5 stars,"5,299"
"Imou 360° 1080P Full HD CCTV Security Camera, Human Detection, Motion Tracking, 2-Way Audio, Night Vision, Dome Camera with WiFi & Ethernet Connection, Alexa Enabled, Up to 256GB SD Card Support",4.0 out of 5 stars,"1,399"
"MANOMAY 2MP Smart CCTV Wi-fi Home Security Camera with Pan Tilt 360° View, 2 Way Talk, Cloud Monitor, Motion Detect, Supports SD Card Up to 256 GB, Night Vision, Alexa",4.3 out of 5 stars,944
securinnov Dual Lens WiFi IP 360° Camera 1920 X 2160 Full HD 3mp AI (Upgraded) CCTV Night Vision Motion Sensor Two-Way Audio Micro SD Card Upto 128GB Monitor Nanny Security Indoor White (Upro Camera),5.0 out of 5 stars,"1,899"
Camate Arc 3MP 2K 1296p Outdoor Smart WiFi Wireless CCTV Security Camera | Weatherprood | Colored Night Vision | 2-Way Audio | Motion Track | Support 256 GB Micro SD Card Slot | Onvif Support,4.3 out of 5 stars,"2,299"
"AIWaft 4K PTZ Camera with AI Gesture Control, Auto-Tracking, 12X Optical 16X Digital Zoom, CMOS Lens Best PTZ Camera for Teaching, YouTube, Live Streaming, Video Conferencing, Hybrid Online Classes",5.0 out of 5 stars,"75,000"
"Trueview 2MP Smart CCTV Wi-fi Home Security Camera with Pan Tilt 360� View, 2 Way Talk, Cloud Monitor, Motion Detect, Supports SD Card Up to 256 GB, Night Vision (2MP Color Night Vision Smart Camera)",4.0 out of 5 stars,999
"Imou 3MP Smart CCTV Security WiFi Camera for Home, 360° Coverage, AI Human Detection, Siren Alarm, Night Vision 10M, 2-Way Talk, Supports 256GB SD Card, WiFi & Ethernet Connection",4.0 out of 5 stars,"1,499"
Qubo Smart 360 2K 3MP 1296p WiFi CCTV Security Camera from Hero Group | Mobile App | Two Way Talk | Night Vision | Cloud & SD Card Recording | Made in India | Alexa & OK Google | (3MP),3.9 out of 5 stars,"1,489"
"Imou 360° 1080P Full HD CCTV Security Camera, Human Detection, Motion Tracking, 2-Way Audio, Night Vision, Dome Camera with WiFi & Ethernet Connection, Alexa Enabled, Up to 256GB SD Card Support",4.0 out of 5 stars,"1,399"
"Digital Camera, 4K Ultra HD 56MP Digital Camera with 20X Zoom, Autofocus & Anti-Shake, Video Camera for Adults & Teens, Includes 32GB SD Card – Perfect for Beginners (Silver)",3.6 out of 5 stars,"5,299"
Conbre UltraXR 2MP Outdoor Smart WiFi Wireless IP CCTV Security Camera | Colored Night Vision | 2-Way Audio | Motion Track | Cruise Mode | Support 128 GB Micro SD Card Slot,3.8 out of 5 stars,"1,898"
"Trueview 2MP Smart CCTV Wi-fi Home Security Camera with Pan Tilt 360� View, 2 Way Talk, Cloud Monitor, Motion Detect, Supports SD Card Up to 256 GB, Night Vision (2MP Color Night Vision Smart Camera)",4.0 out of 5 stars,999
"Imou 3MP Smart CCTV Security WiFi Camera for Home, 360° Coverage, AI Human Detection, Siren Alarm, Night Vision 10M, 2-Way Talk, Supports 256GB SD Card, WiFi & Ethernet Connection",4.0 out of 5 stars,"1,499"
"PHILIPS Outdoor Weatherproof WiFi CCTV Camera for Home | Pan Tilt Zoom, Color Night Vision, 2-Way Talk, AES-128bit Encryption| HSP3800",3.8 out of 5 stars,"3,998"
"Tapo C230 Smart Pan/Tilt AI Home Security Wi-Fi Camera 3K 5MP 1620p, Two-Way Audio, Voice Control, Night Vision, Baby Crying Detection, Motion Tracking, Smart AI Detection and Notifications",4.5 out of 5 stars,"2,999"
"GOPIX (2 Years Warranty 3+3MP 4G Solar Linkage Security Camera with Solar Panel, EseeCloud, Supports Upto 256GB Memory Card, Outdoor Camera, Water Proof, 2 Way Talk",,"8,099"
Conbre UltraXR 2MP Outdoor Smart WiFi Wireless IP CCTV Security Camera | Colored Night Vision | 2-Way Audio | Motion Track | Cruise Mode | Support 128 GB Micro SD Card Slot,3.8 out of 5 stars,"1,898"
"Digital Camera, 4K Ultra HD 56MP Digital Camera with 20X Zoom, Autofocus & Anti-Shake, Video Camera for Adults & Teens, Includes 32GB SD Card – Perfect for Beginners (Silver)",3.6 out of 5 stars,"5,299"
"Trueview 2MP Smart CCTV Wi-fi Home Security Camera with Pan Tilt 360� View, 2 Way Talk, Cloud Monitor, Motion Detect, Supports SD Card Up to 256 GB, Night Vision (2MP Color Night Vision Smart Camera)",4.0 out of 5 stars,999
"Imou 3MP Smart CCTV Security WiFi Camera for Home, 360° Coverage, AI Human Detection, Siren Alarm, Night Vision 10M, 2-Way Talk, Supports 256GB SD Card, WiFi & Ethernet Connection",4.0 out of 5 stars,"1,499"
Qubo Smart 360 2K 3MP 1296p WiFi CCTV Security Camera from Hero Group | Mobile App | Two Way Talk | Night Vision | Cloud & SD Card Recording | Made in India | Alexa & OK Google | (3MP),3.9 out of 5 stars,"1,489"
Conbre UltraXR 2MP Outdoor Smart WiFi Wireless IP CCTV Security Camera | Colored Night Vision | 2-Way Audio | Motion Track | Cruise Mode | Support 128 GB Micro SD Card Slot,3.8 out of 5 stars,"1,898"
"Imou 360° 1080P Full HD CCTV Security Camera, Human Detection, Motion Tracking, 2-Way Audio, Night Vision, Dome Camera with WiFi & Ethernet Connection, Alexa Enabled, Up to 256GB SD Card Support",4.0 out of 5 stars,"1,399"
"Trueview 2MP Smart CCTV Wi-fi Home Security Camera with Pan Tilt 360� View, 2 Way Talk, Cloud Monitor, Motion Detect, Supports SD Card Up to 256 GB, Night Vision (2MP Color Night Vision Smart Camera)",4.0 out of 5 stars,999
"Digital Camera, 4K Ultra HD 56MP Digital Camera with 20X Zoom, Autofocus & Anti-Shake, Video Camera for Adults & Teens, Includes 32GB SD Card – Perfect for Beginners (Silver)",3.6 out of 5 stars,"5,299"
"KODAK Mini Shot 2 Retro 4PASS 2-in-1 Instant Camera and Photo Printer (2.1x3.4 inches) + 68 Sheets Bundle, White",3.9 out of 5 stars,"13,699"
"DDLC WiFi Security Camera, 2-Way Voice Call 10-15m Human Ear Level Pickup, 5MP Motion Detection 110-240V Rotatable IP66 Surveillance Camera for Outdoor (1103 ptz)",3.5 out of 5 stars,"2,999"
Conbre UltraXR 2MP Outdoor Smart WiFi Wireless IP CCTV Security Camera | Colored Night Vision | 2-Way Audio | Motion Track | Cruise Mode | Support 128 GB Micro SD Card Slot,3.8 out of 5 stars,"1,898"
Hola ! CO-1 4MP Wi-fi Full Color Outdoor Smart Security Camera | 360˚ with Pan & Tilt | Two Way Talk | Human Detection | Night Vision | Supports SD Card (Up to 128 GB) | Alexa & OK Google - CO-1,,"2,499"
"Digital Camera, 4K Ultra HD 56MP Digital Camera with 20X Zoom, Autofocus & Anti-Shake, Video Camera for Adults & Teens, Includes 32GB SD Card – Perfect for Beginners (Silver)",3.6 out of 5 stars,"5,299"
Qubo Smart 360 2K 3MP 1296p WiFi CCTV Security Camera from Hero Group | Mobile App | Two Way Talk | Night Vision | Cloud & SD Card Recording | Made in India | Alexa & OK Google | (3MP),3.9 out of 5 stars,"1,489"
"Imou 3MP Smart CCTV Security WiFi Camera for Home, 360° Coverage, AI Human Detection, Siren Alarm, Night Vision 10M, 2-Way Talk, Supports 256GB SD Card, WiFi & Ethernet Connection",4.0 out of 5 stars,"1,499"
"Trueview 2MP Smart CCTV Wi-fi Home Security Camera with Pan Tilt 360� View, 2 Way Talk, Cloud Monitor, Motion Detect, Supports SD Card Up to 256 GB, Night Vision (2MP Color Night Vision Smart Camera)",4.0 out of 5 stars,999
Conbre UltraXR 2MP Outdoor Smart WiFi Wireless IP CCTV Security Camera | Colored Night Vision | 2-Way Audio | Motion Track | Cruise Mode | Support 128 GB Micro SD Card Slot,3.8 out of 5 stars,"1,898"
"Trueview 3Mp HD 4G SIM Based Pan Tilt CCTV Camera, Outdoor Indoor Security Camera, Water Proof, 2 Way Talk, Cloud Storage, Motion Detect, Supports SD Card Up to 256 GB, Color Night Vision, Alexa",4.0 out of 5 stars,"3,599"
Conbre UltraXR 2MP Outdoor Smart WiFi Wireless IP CCTV Security Camera | Colored Night Vision | 2-Way Audio | Motion Track | Cruise Mode | Support 128 GB Micro SD Card Slot,3.8 out of 5 stars,"1,898"
"Imou 3MP Smart CCTV Security WiFi Camera for Home, 360° Coverage, AI Human Detection, Siren Alarm, Night Vision 10M, 2-Way Talk, Supports 256GB SD Card, WiFi & Ethernet Connection",4.0 out of 5 stars,"1,499"
Qubo Smart 360 2K 3MP 1296p WiFi CCTV Security Camera from Hero Group | Mobile App | Two Way Talk | Night Vision | Cloud & SD Card Recording | Made in India | Alexa & OK Google | (3MP),3.9 out of 5 stars,"1,489"
"PHILIPS Outdoor Weatherproof WiFi CCTV Camera for Home | Pan Tilt Zoom, Color Night Vision, 2-Way Talk, AES-128bit Encryption| HSP3800",3.8 out of 5 stars,"3,998"
"Imou 360° 1080P Full HD CCTV Security Camera, Human Detection, Motion Tracking, 2-Way Audio, Night Vision, Dome Camera with WiFi & Ethernet Connection, Alexa Enabled, Up to 256GB SD Card Support",4.0 out of 5 stars,"1,399"
"Imou 5MP CCTV Camera for Home Outdoor, 360° Security WiFi Camera, Full Color Night Vision 30M, Human Detection, 2-Way Talk, Siren Alarm, Compatible with Alexa, Supports 512GB SD Card, IP66, DK7",3.7 out of 5 stars,"3,349"
"DDLC Light Bulb Security, Dual Lens Camera 4mp Light Bulb Camera WiFi Outdoor, Smart 360° 1080p Motion Detection Light Bulb, Home Security Camera (Dual Lens Light Bulb)",3.6 out of 5 stars,"1,699"
Conbre UltraXR 2MP Outdoor Smart WiFi Wireless IP CCTV Security Camera | Colored Night Vision | 2-Way Audio | Motion Track | Cruise Mode | Support 128 GB Micro SD Card Slot,3.8 out of 5 stars,"1,898"
"Imou 3MP Smart CCTV Security WiFi Camera for Home, 360° Coverage, AI Human Detection, Siren Alarm, Night Vision 10M, 2-Way Talk, Supports 256GB SD Card, WiFi & Ethernet Connection",4.0 out of 5 stars,"1,499"
"PHILIPS Outdoor Weatherproof WiFi CCTV Camera for Home | Pan Tilt Zoom, Color Night Vision, 2-Way Talk, AES-128bit Encryption| HSP3800",3.8 out of 5 stars,"3,998"
"GOPIX (2 Years Warranty 3+3MP 4G Solar Linkage Security Camera with Solar Panel, EseeCloud, Supports Upto 256GB Memory Card, Outdoor Camera, Water Proof, 2 Way Talk",,"8,099"
SMARS 4+4 MP Dual Lens HD WiFi Robot CCTV Camera with Audio & Video Recording | Colour Night Vision | Two Way Audio | AI Motion Detection | 360° View | Remote View,5.0 out of 5 stars,"2,299"
"Digital Camera, 4K Ultra HD 56MP Digital Camera with 20X Zoom, Autofocus & Anti-Shake, Video Camera for Adults & Teens, Includes 32GB SD Card – Perfect for Beginners (Silver)",3.6 out of 5 stars,"5,299"
Conbre UltraXR 2MP Outdoor Smart WiFi Wireless IP CCTV Security Camera | Colored Night Vision | 2-Way Audio | Motion Track | Cruise Mode | Support 128 GB Micro SD Card Slot,3.8 out of 5 stars,"1,898"
"Imou 3MP Smart CCTV Security WiFi Camera for Home, 360° Coverage, AI Human Detection, Siren Alarm, Night Vision 10M, 2-Way Talk, Supports 256GB SD Card, WiFi & Ethernet Connection",4.0 out of 5 stars,"1,499"
Qubo Smart 360 2K 3MP 1296p WiFi CCTV Security Camera from Hero Group | Mobile App | Two Way Talk | Night Vision | Cloud & SD Card Recording | Made in India | Alexa & OK Google | (3MP),3.9 out of 5 stars,"1,489"
"PHILIPS Outdoor Weatherproof WiFi CCTV Camera for Home | Pan Tilt Zoom, Color Night Vision, 2-Way Talk, AES-128bit Encryption| HSP3800",3.8 out of 5 stars,"3,998"
"Imou 360° 1080P Full HD CCTV Security Camera, Human Detection, Motion Tracking, 2-Way Audio, Night Vision, Dome Camera with WiFi & Ethernet Connection, Alexa Enabled, Up to 256GB SD Card Support",4.0 out of 5 stars,"1,399"
"Trueview 2MP Smart CCTV Wi-fi Home Security Camera with Pan Tilt 360� View, 2 Way Talk, Cloud Monitor, Motion Detect, Supports SD Card Up to 256 GB, Night Vision (2MP Color Night Vision Smart Camera)",4.0 out of 5 stars,999
"Imou 3MP Smart CCTV Security WiFi Camera for Home, 360° Coverage, AI Human Detection, Siren Alarm, Night Vision 10M, 2-Way Talk, Supports 256GB SD Card, WiFi & Ethernet Connection",4.0 out of 5 stars,"1,499"
SMARS 4+4 MP Dual Lens HD WiFi Bulb Holder CCTV Camera with Audio & Video Recording | Color Night Vision | Two Way Audio | Motion Detection | Remote View | 360° View,5.0 out of 5 stars,"1,999"
Conbre UltraXR 2MP Outdoor Smart WiFi Wireless IP CCTV Security Camera | Colored Night Vision | 2-Way Audio | Motion Track | Cruise Mode | Support 128 GB Micro SD Card Slot,3.8 out of 5 stars,"1,898"
"Trueview 3Mp HD 4G SIM Based Pan Tilt CCTV Camera, Outdoor Indoor Security Camera, Water Proof, 2 Way Talk, Cloud Storage, Motion Detect, Supports SD Card Up to 256 GB, Color Night Vision, Alexa",4.0 out of 5 stars,"3,599"
"Imou 5MP CCTV Camera for Home Outdoor, 360° Security WiFi Camera, Full Color Night Vision 30M, Human Detection, 2-Way Talk, Siren Alarm, Compatible with Alexa, Supports 512GB SD Card, IP66, DK7",3.7 out of 5 stars,"3,349"
"Digital Camera, 4K Ultra HD 56MP Digital Camera with 20X Zoom, Autofocus & Anti-Shake, Video Camera for Adults & Teens, Includes 32GB SD Card – Perfect for Beginners (Silver)",3.6 out of 5 stars,"5,299"
"Trueview 2MP Smart CCTV Wi-fi Home Security Camera with Pan Tilt 360� View, 2 Way Talk, Cloud Monitor, Motion Detect, Supports SD Card Up to 256 GB, Night Vision (2MP Color Night Vision Smart Camera)",4.0 out of 5 stars,999
"KODAK Mini Shot 2 Retro 4PASS 2-in-1 Instant Camera and Photo Printer (2.1x3.4 inches) + 68 Sheets Bundle, Yellow",3.9 out of 5 stars,"13,699"
"Imou 3MP Smart CCTV Security WiFi Camera for Home, 360° Coverage, AI Human Detection, Siren Alarm, Night Vision 10M, 2-Way Talk, Supports 256GB SD Card, WiFi & Ethernet Connection",4.0 out of 5 stars,"1,499"
Trueview Cube Compact Indoor Wireless Smart Security Camera|1080P Hd Cctv Camera|Built-In Lumen Spot Light|Color Night Vision|Motion Detection|Two-Way Audio|Easy Set Up|Compatible With Alexa,3.8 out of 5 stars,999
"Trueview 3Mp HD 4G SIM Based Pan Tilt CCTV Camera, Outdoor Indoor Security Camera, Water Proof, 2 Way Talk, Cloud Storage, Motion Detect, Supports SD Card Up to 256 GB, Color Night Vision, Alexa",4.0 out of 5 stars,"3,599"
"Digital Camera, 4K Ultra HD 56MP Digital Camera with 20X Zoom, Autofocus & Anti-Shake, Video Camera for Adults & Teens, Includes 32GB SD Card – Perfect for Beginners (Silver)",3.6 out of 5 stars,"5,299"
"Trueview 2MP Smart CCTV Wi-fi Home Security Camera with Pan Tilt 360� View, 2 Way Talk, Cloud Monitor, Motion Detect, Supports SD Card Up to 256 GB, Night Vision (2MP Color Night Vision Smart Camera)",4.0 out of 5 stars,999
"Imou 3MP Smart CCTV Security WiFi Camera for Home, 360° Coverage, AI Human Detection, Siren Alarm, Night Vision 10M, 2-Way Talk, Supports 256GB SD Card, WiFi & Ethernet Connection",4.0 out of 5 stars,"1,499"
Qubo Smart 360 2K 3MP 1296p WiFi CCTV Security Camera from Hero Group | Mobile App | Two Way Talk | Night Vision | Cloud & SD Card Recording | Made in India | Alexa & OK Google | (3MP),3.9 out of 5 stars,"1,489"
"DDLC Light Bulb Security, Dual Lens Camera 4mp Light Bulb Camera WiFi Outdoor, Smart 360° 1080p Motion Detection Light Bulb, Home Security Camera (Dual Lens Light Bulb)",3.6 out of 5 stars,"1,699"
"GOPIX (2 Years Warranty 3+3MP 4G Solar Linkage Security Camera with Solar Panel, EseeCloud, Supports Upto 256GB Memory Card, Outdoor Camera, Water Proof, 2 Way Talk",,"8,099"
"Digital Camera, 4K Ultra HD 56MP Digital Camera with 20X Zoom, Autofocus & Anti-Shake, Video Camera for Adults & Teens, Includes 32GB SD Card – Perfect for Beginners (Silver)",3.6 out of 5 stars,"5,299"
"KODAK Mini Shot 2 Retro 4PASS 2-in-1 Instant Camera and Photo Printer (2.1x3.4 inches) + 68 Sheets Bundle, White",3.9 out of 5 stars,"13,699"
"Trueview 2MP Smart CCTV Wi-fi Home Security Camera with Pan Tilt 360� View, 2 Way Talk, Cloud Monitor, Motion Detect, Supports SD Card Up to 256 GB, Night Vision (2MP Color Night Vision Smart Camera)",4.0 out of 5 stars,999
"Imou 3MP Smart CCTV Security WiFi Camera for Home, 360° Coverage, AI Human Detection, Siren Alarm, Night Vision 10M, 2-Way Talk, Supports 256GB SD Card, WiFi & Ethernet Connection",4.0 out of 5 stars,"1,499"
XUGA 6MP AI Powered 2 Lens 3 Views 4G Sim Linkage Solar CCTV Camera | 2 Way Talk | Human/Motion Detect | Colour Night Vision | Alarm | 10X Zoom | Weatherproof | PTZ | Support SD Upto 256GB | X07J-K,,"6,499"
Conbre UltraXR 2MP Outdoor Smart WiFi Wireless IP CCTV Security Camera | Colored Night Vision | 2-Way Audio | Motion Track | Cruise Mode | Support 128 GB Micro SD Card Slot,3.8 out of 5 stars,"1,898"
"Digital Camera, 4K Ultra HD 56MP Digital Camera with 20X Zoom, Autofocus & Anti-Shake, Video Camera for Adults & Teens, Includes 32GB SD Card – Perfect for Beginners (Silver)",3.6 out of 5 stars,"5,299"
"Trueview 2MP Smart CCTV Wi-fi Home Security Camera with Pan Tilt 360� View, 2 Way Talk, Cloud Monitor, Motion Detect, Supports SD Card Up to 256 GB, Night Vision (2MP Color Night Vision Smart Camera)",4.0 out of 5 stars,999
"Imou 3MP Smart CCTV Security WiFi Camera for Home, 360° Coverage, AI Human Detection, Siren Alarm, Night Vision 10M, 2-Way Talk, Supports 256GB SD Card, WiFi & Ethernet Connection",4.0 out of 5 stars,"1,499"
Qubo Smart 360 2K 3MP 1296p WiFi CCTV Security Camera from Hero Group | Mobile App | Two Way Talk | Night Vision | Cloud & SD Card Recording | Made in India | Alexa & OK Google | (3MP),3.9 out of 5 stars,"1,489"
"DDLC Light Bulb Security, Dual Lens Camera 4mp Light Bulb Camera WiFi Outdoor, Smart 360° 1080p Motion Detection Light Bulb, Home Security Camera (Dual Lens Light Bulb)",3.6 out of 5 stars,"1,699"
"GOPIX (2 Years Warranty 3+3MP 4G Solar Linkage Security Camera with Solar Panel, EseeCloud, Supports Upto 256GB Memory Card, Outdoor Camera, Water Proof, 2 Way Talk",,"8,099"
"Digital Camera, 4K Ultra HD 56MP Digital Camera with 20X Zoom, Autofocus & Anti-Shake, Video Camera for Adults & Teens, Includes 32GB SD Card – Perfect for Beginners (Silver)",3.6 out of 5 stars,"5,299"
"Trueview 2MP Smart CCTV Wi-fi Home Security Camera with Pan Tilt 360� View, 2 Way Talk, Cloud Monitor, Motion Detect, Supports SD Card Up to 256 GB, Night Vision (2MP Color Night Vision Smart Camera)",4.0 out of 5 stars,999
"Imou 3MP Smart CCTV Security WiFi Camera for Home, 360° Coverage, AI Human Detection, Siren Alarm, Night Vision 10M, 2-Way Talk, Supports 256GB SD Card, WiFi & Ethernet Connection",4.0 out of 5 stars,"1,499"
Qubo Smart 360 2K 3MP 1296p WiFi CCTV Security Camera from Hero Group | Mobile App | Two Way Talk | Night Vision | Cloud & SD Card Recording | Made in India | Alexa & OK Google | (3MP),3.9 out of 5 stars,"1,489"
"DDLC WiFi Security Camera, 2-Way Voice Call 10-15m Human Ear Level Pickup, 5MP Motion Detection 110-240V Rotatable IP66 Surveillance Camera for Outdoor (1103 ptz)",3.5 out of 5 stars,"2,999"
"KODAK Mini Shot 2 Retro 4PASS 2-in-1 Instant Camera and Photo Printer (2.1x3.4 inches) + 68 Sheets Bundle, Yellow",3.9 out of 5 stars,"13,699"
"Digital Camera, 4K Ultra HD 56MP Digital Camera with 20X Zoom, Autofocus & Anti-Shake, Video Camera for Adults & Teens, Includes 32GB SD Card – Perfect for Beginners (Silver)",3.6 out of 5 stars,"5,299"
"DDLC Light Bulb Security, Dual Lens Camera 4mp Light Bulb Camera WiFi Outdoor, Smart 360° 1080p Motion Detection Light Bulb, Home Security Camera (Dual Lens Light Bulb)",3.6 out of 5 stars,"1,699"
"Imou 3MP Smart CCTV Security WiFi Camera for Home, 360° Coverage, AI Human Detection, Siren Alarm, Night Vision 10M, 2-Way Talk, Supports 256GB SD Card, WiFi & Ethernet Connection",4.0 out of 5 stars,"1,499"
Qubo Smart 360 2K 3MP 1296p WiFi CCTV Security Camera from Hero Group | Mobile App | Two Way Talk | Night Vision | Cloud & SD Card Recording | Made in India | Alexa & OK Google | (3MP),3.9 out of 5 stars,"1,489"
"PHILIPS Outdoor Weatherproof WiFi CCTV Camera for Home | Pan Tilt Zoom, Color Night Vision, 2-Way Talk, AES-128bit Encryption| HSP3800",3.8 out of 5 stars,"3,998"
"GOPIX (2 Years Warranty 3+3MP 4G Solar Linkage Security Camera with Solar Panel, EseeCloud, Supports Upto 256GB Memory Card, Outdoor Camera, Water Proof, 2 Way Talk",,"8,099"
"Digital Camera, 4K Ultra HD 56MP Digital Camera with 20X Zoom, Autofocus & Anti-Shake, Video Camera for Adults & Teens, Includes 32GB SD Card – Perfect for Beginners (Silver)",3.6 out of 5 stars,"5,299"
"AIWaft 4K PTZ Camera 12X Optical Zoom, 70.28 Wide-Angle, IMX415 1/2.8"" CMOS Sensor, Ultra HD 4K@60fps, Multiple connectivity Support, Live Streaming & Online Teaching, Meetings",5.0 out of 5 stars,"95,000"
"Imou 3MP Smart CCTV Security WiFi Camera for Home, 360° Coverage, AI Human Detection, Siren Alarm, Night Vision 10M, 2-Way Talk, Supports 256GB SD Card, WiFi & Ethernet Connection",4.0 out of 5 stars,"1,499"
SMARS 4+4 MP Dual Lens HD WiFi Robot CCTV Camera with Audio & Video Recording | Colour Night Vision | Two Way Audio | AI Motion Detection | 360° View | Remote View,5.0 out of 5 stars,"2,299"
Qubo Smart 360 2K 3MP 1296p WiFi CCTV Security Camera from Hero Group | Mobile App | Two Way Talk | Night Vision | Cloud & SD Card Recording | Made in India | Alexa & OK Google | (3MP),3.9 out of 5 stars,"1,489"
"DDLC 5MP + 5MP 1080P Full Hd Wireless WiFi CCTV Camera Dual Lens/Dual Screen Video Record, Color Vision, Bullet+360° PTZ Control, PIR Motion Sensor, IP66 Waterproof (Dual Lens Ptz)",4.0 out of 5 stars,"2,999"
"Digital Camera, 4K Ultra HD 56MP Digital Camera with 20X Zoom, Autofocus & Anti-Shake, Video Camera for Adults & Teens, Includes 32GB SD Card – Perfect for Beginners (Silver)",3.6 out of 5 stars,"5,299"
"Imou 3MP Smart CCTV Security WiFi Camera for Home, 360° Coverage, AI Human Detection, Siren Alarm, Night Vision 10M, 2-Way Talk, Supports 256GB SD Card, WiFi & Ethernet Connection",4.0 out of 5 stars,"1,499"
Qubo Smart 360 2K 3MP 1296p WiFi CCTV Security Camera from Hero Group | Mobile App | Two Way Talk | Night Vision | Cloud & SD Card Recording | Made in India | Alexa & OK Google | (3MP),3.9 out of 5 stars,"1,489"
"Imou 360° 1080P Full HD CCTV Security Camera, Human Detection, Motion Tracking, 2-Way Audio, Night Vision, Dome Camera with WiFi & Ethernet Connection, Alexa Enabled, Up to 256GB SD Card Support",4.0 out of 5 stars,"1,399"
"PHILIPS Outdoor Weatherproof WiFi CCTV Camera for Home | Pan Tilt Zoom, Color Night Vision, 2-Way Talk, AES-128bit Encryption| HSP3800",3.8 out of 5 stars,"3,998"
"KODAK Mini Shot 2 Retro 4PASS 2-in-1 Instant Camera and Photo Printer (2.1x3.4 inches) + 68 Sheets Bundle, Yellow",3.9 out of 5 stars,"13,699"
"Digital Camera, 4K Ultra HD 56MP Digital Camera with 20X Zoom, Autofocus & Anti-Shake, Video Camera for Adults & Teens, Includes 32GB SD Card – Perfect for Beginners (Silver)",3.6 out of 5 stars,"5,299"
"Trueview 3Mp HD 4G SIM Based Pan Tilt CCTV Camera, Outdoor Indoor Security Camera, Water Proof, 2 Way Talk, Cloud Storage, Motion Detect, Supports SD Card Up to 256 GB, Color Night Vision, Alexa",4.0 out of 5 stars,"3,599"
"AIWaft 4K PTZ Camera 12X Optical Zoom, 70.28 Wide-Angle, IMX415 1/2.8"" CMOS Sensor, Ultra HD 4K@60fps, Multiple connectivity Support, Live Streaming & Online Teaching, Meetings",5.0 out of 5 stars,"95,000"
Conbre UltraXR 2MP Outdoor Smart WiFi Wireless IP CCTV Security Camera | Colored Night Vision | 2-Way Audio | Motion Track | Cruise Mode | Support 128 GB Micro SD Card Slot,3.8 out of 5 stars,"1,898"
"Imou 5MP CCTV Camera for Home Outdoor, 360° Security WiFi Camera, Full Color Night Vision 30M, Human Detection, 2-Way Talk, Siren Alarm, Compatible with Alexa, Supports 512GB SD Card, IP66, DK7",3.7 out of 5 stars,"3,349"
"Camate Eclipse 4G Sim Based 3MP Wireless Outdoor Smart CCTV Camera, Pan & Tilt, Two-Way Talk, Coloured Night Vision, Motion Detection & Tracking, Alarm, Upto 256GB Micro SD Support",3.8 out of 5 stars,"2,999"
"Imou 3MP Smart CCTV Security WiFi Camera for Home, 360° Coverage, AI Human Detection, Siren Alarm, Night Vision 10M, 2-Way Talk, Supports 256GB SD Card, WiFi & Ethernet Connection",4.0 out of 5 stars,"1,499"
Conbre UltraXR 2MP Outdoor Smart WiFi Wireless IP CCTV Security Camera | Colored Night Vision | 2-Way Audio | Motion Track | Cruise Mode | Support 128 GB Micro SD Card Slot,3.8 out of 5 stars,"1,898"
Qubo Smart 360 2K 3MP 1296p WiFi CCTV Security Camera from Hero Group | Mobile App | Two Way Talk | Night Vision | Cloud & SD Card Recording | Made in India | Alexa & OK Google | (3MP),3.9 out of 5 stars,"1,489"
"Trueview 3Mp HD 4G SIM Based Pan Tilt CCTV Camera, Outdoor Indoor Security Camera, Water Proof, 2 Way Talk, Cloud Storage, Motion Detect, Supports SD Card Up to 256 GB, Color Night Vision, Alexa",4.0 out of 5 stars,"3,599"
"Imou 5MP CCTV Camera for Home Outdoor, 360° Security WiFi Camera, Full Color Night Vision 30M, Human Detection, 2-Way Talk, Siren Alarm, Compatible with Alexa, Supports 512GB SD Card, IP66, DK7",3.7 out of 5 stars,"3,349"
"Trueview 2MP Smart CCTV Wi-fi Home Security Camera with Pan Tilt 360� View, 2 Way Talk, Cloud Monitor, Motion Detect, Supports SD Card Up to 256 GB, Night Vision (2MP Color Night Vision Smart Camera)",4.0 out of 5 stars,999
